,IgG.Gst.SM25,IgG.MEG,IgG.CD63,IgG.Calumenin,IgG1.SEA,IgG1.Gst.SM25,IgG1.MEG,IgG1.CD63,IgG1.Calumenin,IgG2.SEA,IgG2.Gst.SM25,IgG2.MEG,IgG2.CD63,IgG2.Calumenin,IgG3.SEA,IgG3.Gst.SM25,IgG3.MEG,IgG3.CD63,IgG3.Calumenin,IgG4.SEA,IgG4.CD63,IgA.SEA,IgA.Gst.SM25,IgA.MEG,IgA.CD63,IgA.Calumenin,IgA1.SEA,IgA1.Gst.SM25,IgA1.MEG,IgA1.CD63,IgA1.Calumenin,IgA2.SEA,IgA2.Gst.SM25,IgA2.MEG,IgA2.CD63,IgA2.Calumenin,IgM.SEA,IgM.Gst.SM25,IgM.MEG,IgM.CD63,IgM.Calumenin,FcREpsilonI.SEA,FcR1.SEA,FcR1.Gst.SM25,FcR1.MEG,FcR1.CD63,FcR1.Calumenin,FcR2A.SEA,FcR2A.Gst.SM25,FcR2A.MEG,FcR2A.CD63,FcR2A.Calumenin,FcRIIB.SEA,FcRIIB.Gst.SM25,FcRIIB.MEG,FcRIIB.CD63,FcRIIB.Calumenin,FcRIIIA.SEA,FcRIIIA.Gst.SM25,FcRIIIA.MEG,FcRIIIA.CD63,FcRIIIA.Calumenin,FcR3B.SEA,FcR3B.Gst.SM25,FcR3B.Calumenin,RCA.SEA,RCA.Gst.SM25,RCA.MEG,RCA.CD63,RCA.Calumenin,SNA.SEA,SNA.Gst.SM25,SNA.MEG,SNA.CD63,SNA.Calumenin
1,11020,1386.25,1629.75,2351,2008,15111,649,443,665,553.5,53,79,284,56.5,1735,7794,137,105,86,2002.25,1199,327.25,462,239,899.25,210,78,56.5,62,59,51,75.5,52,63,82,54,2617.25,723.25,933,1185.5,1012.5,70.25,1531,2314,154.5,338,424,864.25,929.75,67.5,65.5,60.5,1927,4755,59.25,68,320,555,1706.5,60.75,61.75,76.75,204,469.5,50,391.75,121,90.5,113.5,128.5,101,78.5,177.75,138.25,294.5
2,7920,6248.5,3409.5,2750.5,1173,22264,11480.5,5246.5,2925,157,68,206,1433,85,14081.5,178,156,113.5,157.5,2191.5,1210.75,997.25,1062.25,833.75,1534.25,1227.5,183,59,60,66,64,111,143.5,177.5,81,79,436.5,2419.25,776.25,1272.5,676,84.5,5514.5,1134,477,518.5,390,7650.5,1175.5,456.5,462,197,9382,6209.5,2137.5,1057,425,7854.25,2510.25,813,654,285.25,4309,874,104,455.25,207.5,75.25,111.5,112,202.25,91.25,106.5,156.75,835.25
3,18751.75,6891.5,5139.75,4067.5,2762,16642,377,924,957,3436,146.5,418,1596,131,1825,575,1001,189,217,179.5,102.5,1973.5,1450,1293.25,3578.5,1028.75,118,47,51,64.5,50,205,83,82,89.5,66,4307.75,487.5,794,1369.75,267.25,76.75,4364,2172.5,414.5,1028,1413,1802,766.25,280.75,309,1853.25,4327.25,5678.25,264,141.5,224,2592,2812.75,259.75,202.5,241.5,1256,1073,96,396.25,111.5,76,129.5,76.5,131.75,91.5,199.75,119.75,354.5
4,12925.25,3983.25,965.75,1313.5,9963,14905,1096,186,996,1170.5,41.5,59,194,43,2876,3096,2483,81.5,79,53,42,226.5,696.25,354.25,1527.5,193.25,53,48,41,49,45,98,77,66,85.5,46.5,3285.5,2701.75,2858.5,5552,1092.5,51.75,799,563,161,468.5,688,964.75,642.25,95.5,51,60.25,2690,4107.75,160,41.25,59.75,936.25,1148.75,157.25,47,63.5,443,359,57,314.5,156.75,146,240.25,106,167.5,206.5,495.5,130,286.25
5,15043.75,3324.25,2021,2911.75,3716,10400,407,246,592,1231,75,150.5,270,60.5,13386,94,271.5,70,102.5,1759.75,905,543.25,443.75,345.5,984,424,58,39,41,45,41,54,46,48,46,39,815.75,544.5,602,1128,431.5,84.5,2351.5,430,123,196,299,1762,302.25,91.25,59,1753,7454,2993.75,81,62.75,138.5,3092.5,934,76.25,58.75,99,3193.5,1103,100,359.75,92.5,66.5,119,77,61.5,54.5,83,66.75,304
6,11662.5,3313.5,2574.5,6098.25,7152,9781,1242.5,812.5,4166,103,78,77,357,111,4403.5,158.5,194.5,91,103,495.75,278.5,848.5,682.5,496,599.75,621.5,207,210,161,166.5,152,222,99.5,105,89.5,102,4448,4143.5,1432,3587,912.75,56,1908,861.5,195.5,310.5,584.5,1110,440.5,81,117.5,297.5,2905.75,2371.75,117,87.5,1383.75,2016.75,1212.25,105.25,97.5,620.75,2565,1714,373,453.5,264.75,141,220.75,230.25,197.5,121,152.75,183,372.25
7,11162,2610,1292,6181.5,1564,16153,1558,875.5,6283,795,118.5,163,181,128,2059.5,83,42,45,56,542,389.5,663.75,833.75,734,1138.75,3038.5,77,66,63.5,69,90,70,60,57.5,55,57,2073.5,2357,1760.75,2358.25,1246.5,73.75,827,2145,315,393,1223.5,299.75,884.25,98.5,96.25,703.5,868.75,4477,281.75,309.5,4480.25,459.5,2139,188.25,203.5,1545.5,161,1126,482,326.25,226,141.75,209.5,147.75,183.25,127,133.25,164.25,217
8,15113.5,4066.25,3164.5,6700.5,4377,17126,2147,1604,9397,89,52,139,188,78.5,1984,130,266,82,82,611.75,481.75,461,239.75,445,1826.25,196.75,378,70,78.5,98.5,87.5,87,45,129.5,67.5,42,10797,3995,3565,7982,922.5,88.75,1391.5,1798.5,542,1024,1799,807,992.5,203.75,238,1914,1566.5,4725,469.25,394.25,5911.25,1657.75,3318.25,414.5,414.5,3554,696.5,1029,1177,479.5,103,102.5,187.5,102,151.25,191,394,194.75,470
9,11276.5,1129.25,2986.5,755.5,3133,17464,162,195.5,406,805,178,522.5,2251,154,2377,105,62,73.5,72.5,203.5,125.5,618.5,1305.25,782.25,3349.25,378,109,62.5,50,58,51,131,75,76,88,58,7633,1587.5,1724.5,2968.25,748,65,910,1078,88.5,345,390.5,912.75,804,225,398.5,872.5,3503.5,7388.75,183.25,335,107,1722,2219,67.75,160.5,83.75,484,963,51,391.5,187,99.5,165.25,97.75,205.25,86.25,169.25,91,274.5
10,20146.5,4033,2017.25,2580.5,3398,23773,1460,969,1700.5,171.5,66,97,450.5,50,8428,277,2515,144,146,262.75,143,739.5,1633.5,726.75,1789.75,469.75,111,83,71,72,62,144.5,87,71,75,66.5,1765,1197.5,1259,2247,738,66,1174,2707,369,384,486,396,1087,160.75,200,415,1819.5,8667,207.75,126.5,158,1562.75,5280,326.25,220.25,208.5,398,1738,53.5,348,235.5,100.5,146.5,101.5,333,94.5,191.25,85,248.25
11,10645.5,4493.5,4221.25,4375.75,9773,11868.5,1190,2169,1148,669,57,62,323.5,64,2087,210,42,55,54,4228.75,2684.75,652.5,1963.5,1085.5,3254.5,430,162.5,183.5,120,142,131,209,181.5,165,205,134,5529.5,401.25,1090,1029.5,296.75,160.75,1948,935,283,615,785,3338,810.25,194.5,391.5,566.25,6061.5,3826.25,615.5,461.5,1898.25,3278.75,1832.25,339.5,564.5,752,1622,726,144,431.5,72.5,114.75,124,127.25,72,82.25,119,118.25,330.5
12,12911,3400,2222.25,6300.25,7460,17399,1626.5,997,5234,1410,101.5,118,105,163.5,832,267,94,69,75,1145.75,671.25,778,708,844.5,1069,506,141,75,125,94,81,131,75,102.5,82,96.5,4746,1747,4179.25,4746.5,987.5,77,1659.5,1397,474,507,1714,1415,980,306.25,484.5,3432.25,4102.5,6080,691.75,702.75,8346.75,1385.75,1326,274.5,310.25,2933,1056,1246,2385,475,144.5,196.25,248.75,199.25,198.75,204.5,440.5,253.25,395.25
13,20371.25,2190.5,2498.5,1971.5,2919.5,30241,478,380,450.5,4340.5,76,146,515,57,111,73,104,182.5,107,43,40,2445.5,1128,1657.5,11467,559.25,239,66,53,70.5,60,160,66,189.5,169,48,7296,1530.5,898.75,3231,944.75,60.75,1392,6170.5,100.5,256,445.5,4487.25,5623.75,76.25,89.5,62.75,1573.25,11417.75,52.25,50,46.5,1764.25,9369.25,51,89.5,46.5,121,4801,41,503.25,270.75,89,235.5,129.25,708.5,89,363.25,125.5,415.25
14,14694,22665,9689,9655.5,14304,16676,19756.5,10067.5,9558,1952.5,152,148,351.5,121.5,1037,125,166,122,364.5,1410,1082.25,1489,711.25,918.75,1584.5,585.5,153,64,62,65,66,241.5,112,166,83,87.5,2597,2540.5,3296.25,3713.5,796.25,139.75,7330,2405.5,2709,1531,1540,9186,2455,2665.5,1823.5,2037.25,7237.25,4744.5,5582,2374.5,2861.25,10420,3988,4786.25,2743.75,2962.75,6856,853,1055,430,210.5,181.25,228,153,140.5,174.25,199.5,173.5,512.5
15,581.25,333.5,378,632.5,4156,538,246,292.5,734,191,48,48,89,48,1601,46,37,51,138,35.5,34.25,4220,276.5,313.25,838.5,310.25,141,36,39,44,41,391,51,48,56,46,2098,1913,1173,3412.5,775.25,74,925.5,177,90.5,265,393,440.75,39.75,74.25,43,486.5,1845.75,32,42.75,37,143,774,39.5,45.5,42.75,141.5,461.5,41,78,360,168.5,80,199,104,97.5,91.5,202,109.5,298
16,4574.5,3157.25,16393,2166.25,318.5,362,222,510,145.5,257,65.5,233.5,4630,70,244,62,44,62,41,65,77.75,825.75,920.5,690.5,3407.25,1478.5,56,55,50,56,57,89.5,86,94,135,62,3883.75,2127.25,1176,2771,1680,62.75,812,317.5,162,930,230,149.5,60.25,142.5,422,147.5,435.5,80.5,293,597.5,43.75,252.5,64.5,165,295,43,159,40,50,379.5,129.5,84,157.25,143.5,99.75,66,172.5,154.5,236.75
17,2177.25,885,751.75,1128.25,6855.5,256,160,112,257,735.5,42,53,301.5,41,565,1475.5,73,61,654,525.5,286.5,2381,2102.75,1379,9422.75,863,136,55,53.5,63,63,392,165,110,186,98,3742,2355,1936,3313.5,1010.25,67.5,2233,153,94,222,229,2867.5,100.25,63.75,147.75,113.75,3051.75,80,44.5,51.5,100.75,2415.5,118.25,60.5,62.5,123.5,1099,50.5,91,543.5,256,181,303.25,173.5,186.25,235.75,644.5,268,478
18,2492,1936.5,2873,4713.5,2813.5,888,332,536,713,737,89,225,1367,111,2904,346,210,129,3270,2027,1322.25,642.25,1060,969.5,3103,624.25,99,64.5,64,83,67,66,49,49,68,47,2337,3324.25,1754.5,4068.25,1022.75,88.5,846.5,216.5,109,307,659.5,452.25,47.5,80,85,598.25,3469.5,198.25,82.25,138.5,3291.25,1362,130.25,61.5,88.5,1136.25,281,39,393,335.5,248,125.75,229.5,135.5,149.75,106.5,223.5,138.75,209.75
19,2763.25,2412.75,5883,2554.25,1144,348,313,846,643,311.5,78.5,246,2787.5,76,5931,218.5,59,79,130.5,1108.5,730,366.5,265.5,447.5,2003.5,223.5,52,44,47,55,40,96.5,449.5,69,263,77.5,2734.5,931,444.25,1221.25,574,70.5,1570,276,136,440,408,1604,119.75,178.5,332.25,208,2508.75,93,116.5,164,478.75,952.75,89.5,52.5,65,128.5,534.5,39,48,336.75,87.5,51.5,91.5,84.75,82,53,110.25,89,239
20,6703.5,1294.25,1830.25,1918.5,2121,10001,622.5,715,1336,696,73,81.5,486,52.5,1618,115.5,118,158,137,253.5,139,4945.75,660,1696.5,3362.5,609.5,872,74.5,97,99,67.5,606,66.5,117,112,67,15330.5,1359,4543.5,4964.25,1033,87.75,1056,676,137,506,420,1269.75,374.75,85,214.75,97.25,1747.75,2004.75,56,85.5,84.25,1458.5,1232,107,312.25,195,314.5,229,70,704.75,100.5,203.75,210,102,84,207.75,300.5,146.75,517.25
21,1140.75,380.5,865.75,1084.5,6654.5,759,279.5,446,484,46,45.5,50,252,43.5,937.5,57,36,49,87,34.5,38,553.5,178,212,785.5,184.25,81.5,43,46,55,49.5,95,56,53,64,50.5,9114,1195.75,1316.25,3436,546.5,67.75,1657,181.5,91.5,272,279.5,601.5,39.5,57.25,46,600,1720,39.25,41.5,40.5,42.75,1626.5,37,40,50.5,47.5,1099,34,49,558.5,90,86.75,165.5,72.25,87.5,95.25,230.5,96.25,447
22,2882,2360.5,1946.25,1888.5,2751,866.5,516.5,552,647.5,176,70,201,631,49,610.5,35,33,43.5,36,79,59,187,137.75,476,1602.25,204.25,90.5,50,89.5,73,66,116.5,57,110.5,108,58,1324.5,748,668.5,1715,311.5,71.5,376,164,89,302,364,170,39.5,79.5,91,45,472.5,53.5,92.5,120.5,49.25,355,63.5,59.25,55,74.5,164,34,38,294.5,65.75,60.5,97.5,58,60.5,64.5,134.5,63,145.5
23,951.5,882.5,1604,1082,2498,92,228,181.5,845.5,93.5,44.5,69,371,48,286,42,39.5,48,37.5,192.75,141.5,1744.25,1677.25,1418,4701,572.25,212,85,78.5,85.5,71,188,62,151,100,66,997.75,1513.75,808.75,1723.75,597.5,59,542,130,89,219.5,387,194,63,137,103.5,171,868.75,36.5,56,65.5,111.5,454.5,32,43.75,50,111.25,139,33,48,315.25,124,76,125.5,89.75,75,63,110,114.5,213
24,2657.25,338.5,561,683.5,1012.5,7484.5,217.5,299,516,547,60,88,167,57,4368,260,34,49,70,410.25,221.5,258.5,658,2463,443.25,364.75,65,89,188,81,94,54.5,69,119,62,59,1479,8391,5373.75,6308,2019.25,66.5,1068,493.5,132.5,441,742,281.5,224.5,46.5,43.5,45.75,1686.25,391.5,55.5,41,61.75,279.75,339.5,37.25,42.5,54,236,167.5,45,407,512,404,364.75,206.25,248.75,183.25,123.25,147.5,157
25,3743.75,1900,2204.5,1740.5,5782,765.5,402,399,292.5,203,74,236,547,63,570,88,58,59,486,101.75,72.75,1636.75,1174.25,1005,6983.25,740.5,104,65.5,51,74,61.5,189.5,126,143,319,89.5,2751.75,1684,578.5,1741.75,825.75,66.25,1669.5,255,108,245,258.5,435.5,41,88.75,128,446,2311.75,62.75,107,137.75,70.25,1321.5,68.5,68.5,63,79.75,497,42,48,390.25,137.25,63,162.5,107.75,112.5,79,199,122.5,322.5
26,2198.5,875,614.5,1286,1564,427.5,520,149,321,527,65.5,266,277,41.5,96,1637,32,45,45,261.5,147,527.5,1167.75,492,816.25,2115.75,116,115,87,93.5,167,154,132,77.5,126,140.5,663,1348.5,469.5,1418.5,514,67,799,405,128.5,121,250.5,508.5,96,146,82.25,59.75,1290.5,531.25,179.25,50.75,212.5,606.5,128.25,81.5,45,125.5,144,40,63.5,285.5,134.25,68,125,107,100.5,53.75,86,98,152.5
27,4689.75,2807.75,8588.5,4651.5,792.5,1003,959.5,1539,2239.5,461,111.5,303,8177,101,94.5,224.5,41,54,48.5,2116.25,1596,280,679,422,1005.25,352.5,107,132,71,121,111,61,78,54,78,59,2318.75,3101.5,1010.5,3123.75,1257,59.5,924,635,293,261,707,165,144,111.25,315,405.5,550.25,295.75,202.5,172.75,1760.75,146.5,378.75,106.75,100.75,850.25,78,59,137,425,403.25,98.5,278.75,189,173.25,77,108,155,223
28,1833.25,1212.75,2103.25,1153.25,742.5,388,318.5,454,179,330,101,233,1204,61,62,54,31,39,53,125,69.5,565,579.25,1331.5,5895.5,528,133,77,91,127,67,145,64,129.5,173,70.5,1678.5,642.5,664.75,1484.5,324.5,58,466.5,149,76,273,319,234.5,35,57.25,50.5,40.5,735.75,47,49.75,39.5,43.75,331.75,38,36.75,35,42,128.5,35.5,47,308.25,67.25,74,128.5,72.5,68.75,86,155.75,83.5,247.25
29,1861.25,300.5,637.5,928,183,115,37.5,55,71,348,72,63,275,41.5,320,158,60,53,82,90.25,63.5,918.5,527.75,347.5,984.25,306.75,313,139.5,95,131.5,110,124,116,76,83,62,8120.25,1336.75,1447,2289,690.5,62.75,1092,519,89.5,306.5,479,237.5,45.5,53,48,256,2966.5,621,48,64.5,476.75,1426.25,209.25,42.25,62.5,322.75,353,44,71,407.25,87.75,81.25,121.25,83.5,81,76.5,114,83,300
30,3058.5,1428.5,751.5,1306.75,3031.5,3831.5,1585,632.5,1437,171,81,181,406.5,71,853,90,71.5,69,732,259.5,136.25,418,1305.25,829.25,2468,539.25,45,55,42.5,60,59.5,80.5,129.5,69,101,83.5,767.75,683.25,415.5,876,320.75,75.5,826,441,163,301,534,396.5,76.25,66.5,79,62.75,598,212.5,59,65.5,70.5,289.75,141.5,71.25,82,105.25,155,46,83,325.5,147.25,99.5,171.5,99,121,93,222.25,101,239.5
31,5226.75,1808.75,2647,1615.25,521,749.5,641,454,401,293,58,397.5,1054,57.5,62.5,47,43,51,48,79.5,46,295,635.25,639,2634,795.75,45,41,48,54,46,48,49,49,58.5,41,360,1180,230.75,882,265.25,62,237,357.5,93.5,361,244,79.5,94,91.5,103.5,65.5,97,717.5,87,117.75,35.5,63.25,429.5,40,39.75,41.5,88,686.5,51,229.75,90.25,51.5,80.75,57.25,75.75,50,80,66.75,107.75
32,4660.75,3166.5,8547,6654,761,3292,768,12238.5,2459.5,337.5,212,414,1115,624,1938,593,56,97,85,4212.5,3339.75,2036,2226.25,883.25,4529,850.25,258,77,67,73,70.5,215,71.5,107,176.5,76.5,15347.5,2106,2199.25,4249.5,1407.5,106,857,756.5,564,697,1919,443.25,220,426.5,746,2090.5,2256.5,1146.25,831.5,1368.75,9740,847.5,569,309.75,838.5,4921.75,135,63,483.5,582.5,143,130,185,147.5,125.75,127.75,439.5,160.25,586.75
33,2170.5,2171.25,3922,2144,7817,2407,1065,1797,2979,998,84,220,1521,61,882,125.5,343,224.5,134.5,2258,1556.25,1246.5,500.75,1080.75,4009.5,548,60,37.5,42.5,45,40,103,71,59,99,63.5,3290.5,682,850,1561.75,833.25,115.5,1821.5,314,193,552,638,1213.5,46,116.75,123,80.25,3517,154,199.25,202,639,1012,56,60.25,73.5,133,469,39.5,63,350.5,64,72,105.5,76.5,61.5,82.75,134.5,121.25,297.5
34,7914.5,1431.75,8792,963,314,385.5,69,564.5,50,2385.5,60,284,5672,44,539,1218,920,146,1158,1324,645,1321,635.25,720.75,4832.25,303.5,226.5,62,59,81,57,239,75.5,64.5,155,60.5,3951.75,492,1188.5,2048,248.5,52,5122,1421,199.5,625.5,286,8318.75,708,369.75,1428.75,180.75,8336,3621,322,1205.5,233.5,6934.75,2165.5,213.75,700.5,236.5,2238.5,429,78,454.5,114,102,192.25,75.25,96,77.5,226.25,67,395
35,14839.5,2161,6872.75,3530.5,3987,5994,128,887,725,141.5,128,325,2113,66.5,5265,1312.5,68.5,86,348,50.5,55,2938.5,1248.5,795.5,2319,1152,226,76,63,86,91,257,135,63,94,103.5,1613,226,602.5,675.25,455.5,72,790,599,108,384,485,367.5,221.5,73.5,119,49.5,1640.25,1758.5,63.5,110.25,59,808.75,787.25,51.5,119.75,85.25,683,496,68.5,315.75,51,68.5,79.25,87.75,67,70,120.75,112,253.5
36,4841.5,1704,1688,1330.75,4644.5,1610,398,328,262,121,59,101,429,53.5,3120,80,71,142,75.5,348,210.5,318.75,307,686,2378.75,311,65,43.5,50.5,56,45.5,132,53,54.5,80.5,40,1437.5,1355.25,1785.5,2044,1016.5,62.75,1581,1195.5,211,1338.5,2076,438.5,174,223,124,340.5,2406.5,392,69.25,76.5,71.75,918.5,227.5,56.5,59,73,263,61,86.5,326.5,139,115.75,159.5,137.5,104,79.25,124.5,82.25,107
37,8205.75,1441,996,4883.5,1450,797,166,87,328,547,179,161,220.5,50.5,2839.5,1681,125,231,1107.5,36.5,34.5,1176.5,1297,1089.75,1208,1400.5,236.5,138,124,110,194.5,172.5,102.5,111.5,101,95,4347.5,1800.25,1387.75,2459,428.5,66.5,4248,1029,138,235,801,2835,530,109,115.25,479.5,6217.5,2476,115.5,80.75,415,3546,824.5,83.5,103,621.25,2938,554,535.5,387.75,123.25,98,162,80.75,101.75,145.5,234.5,131.25,300.5
38,4256.75,2982.25,1623,1058.5,1670,3614,237,471.5,136,4459,100.5,733.5,847,151.5,8489,166.5,3863,141,253,43.5,39,388.25,467.5,505.75,1178.5,620,163,129.5,123,144,121,152,74,101,92,58,1655.5,4540.5,1587.75,5818,1400.25,60.5,1922.5,351.5,159,137.5,250.5,1363.5,157,270,303,1310,6381.75,1169,568.75,232.5,93,3621.25,631.25,328,170.25,89.5,1944,119,61,389,257.75,154.25,277,157.5,77.75,73,121.25,89,153.5
39,14275,1161.5,1401.5,1580.25,8391,2366,491,617,665.5,130,65,55,153,46,2232,13512.5,164,92,93,171.5,102,543.25,750.25,1172,2832.5,417,94,78,61,84,66,243,221,190.5,240,106,6679.5,9087.25,4080.25,9546.25,2188,87,4708,2273,127.5,210.5,251.5,3153.75,1267.5,65.5,85,86.5,4819,4962.25,58,56.5,112.75,4295.5,2433.75,96.25,142.5,144,2664,1657,93.5,531,458.75,222.5,458.5,290.75,462,249.25,446,296,516.25
40,6112.5,1360.5,1561.75,2617.25,6106,2201.5,275,161.5,448.5,1882,101.5,66.5,341,50,5117.5,172,142.5,52,49,167.75,103.5,606.25,481.5,579.75,1713.25,264.5,89,43,47,56,49,183,59,78,75,58,1227.5,1070.25,746,1536.75,505,98.5,2016,307,109.5,278,446,837.5,90.75,66,55,858.75,3190,149,45.75,39,71,1700.25,234.25,62.75,44,109.75,1205,87,90.5,318.25,94,73,115,83.5,88.5,74,146,116.75,335.5
41,5057,2009,2017.5,3277.5,2629,1886.5,724,589,732,219,156,200.5,937,282,8925.5,7927,62,206,98,2152.5,1432.5,1229.5,395.75,874.25,6118,703.5,116,57,60.5,91.5,65,175.5,65.5,92,96,65,5416.25,1890,1867.75,3453.75,961.25,51.25,1749,608.5,236,458,566,539.5,81.5,81,88,558.75,3309,1309,106.75,120.5,1420.75,1393.25,215.5,56,90.75,132.25,1397.5,106,63,447.5,119,132.5,191.5,126.75,84.5,123.75,191,85,277.5
42,11810,3435.25,6990,2447.25,1015.5,578,368,270.5,142,389.5,207,793,2905,67,4407,155,86,88,69,557.5,315,303.5,650.5,532.75,1225.5,207,67,56,53,60,48,55,72.5,53,58,51,1245,3051.25,3083.75,2808,679,60.75,2828,635.5,156.5,413,448,4803,723,290.25,285,82.75,5788.5,1701.5,231,137,65,6096.25,1384.25,129.5,192,92.75,4161,1052.5,76,318.5,278.5,263.5,248.5,112.75,268.25,250.75,163.75,134,342.25
43,1865.5,1695.75,3462.5,689,9620.5,1084,1002,877,280.5,435,56,156,834,40,191,52,71,51,45,87,56.5,10052,1656,1415.5,3830,624.25,518.5,66,63,75,51,1180,95,96,121,65,4074,1492.5,1124.75,1591.25,1014,78,2289,233,162.5,349,340,1269.5,53.5,84,130.5,1276.5,3627.25,71.25,112.5,105.75,55.25,2602,82.25,65,83.5,63.5,1111.5,36,66.5,435.5,118.5,97.5,139.5,152.5,98.25,89.75,123.25,132.5,374
44,2976,527.25,954.5,1170,4714,1048.5,58,53,123,766,58,60,249,62,95,67,40,45,64,36.5,34.5,637.75,692.5,791.5,912.5,787.75,63,51,55.5,53,62,92,51.5,67,70,62.5,842.25,314,697.25,602.5,235,66.5,674,193,65.5,179,217,974.5,82.5,47,45.5,56.25,2718,342,42,39.25,55,704.75,138,41,39.5,47,617,74,51,284.75,63,85.5,86.5,77,59,74,94,109.25,223
45,2640,1308.5,3771,1270.75,3764.5,2105,274,343,424,59,48,144.5,1491,42,292,118,38,58,90,33.5,35.5,473.25,200.5,292.5,776.5,268.25,389,138.5,121,165,106,75,43.5,45,47.5,46,7134.75,1252.25,2071,3048.25,625,73.25,1333,279,74,166.5,236.5,696,81.5,106.75,234,709,2097,215.5,94.75,256.5,62,1218.5,101.5,50.25,50,59,1386,78,81,577.5,110.75,138,208.5,144.5,76.5,103,215,126.5,339.5
46,4228.25,1721,1376.75,1323.75,11949,3428,534,329,1084,163.5,87.5,244,384,60,2331,237,158,67.5,262,38.5,36.25,776.5,695,879.5,6982.75,490.75,245,183,105,183.5,100.5,86,70,58,79.5,50.5,2137.25,7611,1667.5,7739.75,1736,73,1572.5,254,86,119.5,315,495,49.5,61.75,46,50.75,2903.75,137.75,94.25,61,82.5,1440,122.5,57.75,64.5,96,1467.5,68,67,408.75,374.25,99.5,357.75,185,203,113.75,314.5,234.75,310.5
47,6565.5,899.25,1007.75,1285.5,4081,6012,218,116.5,231.5,1789.5,59,172,243,39,157,79,49,157,51,34,34.5,6223,1075.5,735,1509.5,704.5,1996,147.5,94,105,101,652,58,61,70.5,42.5,2429,806.25,737.75,1583.25,382,55,986,454.5,76,251.5,196,336.25,49.5,62,44,343.5,2462,1432.25,100,51.25,45.5,1323.25,756.5,62.75,81,49,407,160,51,389,79,64.5,108.5,73.5,60.5,64,143,69.75,253.75
48,2732,1044.5,917.5,1564.5,21677,1695,307.5,227,754,1059,44.5,57,272,48,910,94,44,52,70.5,82,102,1450,1087,1022,2485.5,817,154,45,50,50,46,202,101,88.5,94,54,1112.75,2403,1416,3485,665.5,55.25,4623,303.5,125,304.5,431,1357,39.5,53,42,1372.5,8826,166,49.5,51.5,101.5,6134.75,126.75,48.25,57,90.5,6186.5,61,82,398.25,177.5,114,210.75,82.5,105.5,117.5,167.25,63.75,389.25
49,12300.5,5276.5,2497.25,2493,11426,6733,419,412,634,303,56,257,859.5,49,1277.5,1077,1657.5,64,536,84,52.75,1522.5,3798,1702,5921.25,1185.25,62.5,48,47,53,48.5,165,149,114,291.5,93,1581,465,531.5,1063.25,449.5,71.5,1030,539.5,164,417,545,1182.75,448.25,142,116,119.5,4853,3986.5,290,116.25,188.25,2182.5,1050,193.25,96,195,2021.5,551,102.5,325,79.25,72,96.5,67.75,76.5,69,123.25,53,218
50,1255,3172,1156.5,1888.5,1716.5,332,478.5,190,397,1093,50,214,465,45.5,2201,53,37,50,52,993,561.5,1113,436.75,216.25,341.5,99,288,50,44.5,50,51,263,48,59,58,44.5,8208,1444,1225.75,1209.75,393.25,64.75,1393,214.5,173.5,387,571,866,38.5,133,56.5,881.5,6533,86.25,185,92.5,170,3954.5,83.25,318.25,91.5,215.75,845.5,35,69,500,155.5,120.5,112.5,78.5,227,114,91.5,87,389.25
51,9110.75,874.5,1167.75,931.5,1302.5,823.5,184,211,407,532.5,49,51,213.5,34,1522.5,98,83,83,88,84,67,492,403.5,789,1751.5,315.75,89,46,51,68.5,59.5,46,37,47,52,44,5900.5,1202,2781,3817.25,452.75,48.25,803.5,547,97,255.5,197,932,516.5,57.5,63.5,63.75,1994.25,2880,46.5,46,126.75,69.75,30,34.5,30,30.75,461,280,68,570.5,128.5,225.5,279.5,90.5,109.5,271.25,596.5,105,458.5
52,2190,545,835,588.25,248,66,32,51.5,42,437,52,55,190,44,988.5,119,200.5,180,280,3546,1748,692.5,494.25,604.25,2852.75,317,132.5,82,65,104.5,72,121,91,69,134,51,4510.75,1783,1328.25,4330,668.5,107.25,2048.5,285,99,316,354,3541.25,152,53.5,75.75,110.25,5508.25,761.5,62.5,89.5,165.5,3538,533.5,69.5,142.5,135.5,726,64,65.5,458,176,104,247.5,104.5,87,81.75,274,93.75,258.5
53,1989,484.25,450.25,1003.75,6166,619,311,182,527,190,57,53.5,261,64,114.5,48,28.5,43.5,39.5,203.5,120,669.75,869.75,741,3497.75,577,71,48,46,53.5,68,107,95,67,128,70,4632.75,2181.25,690.25,2203.5,1049.25,70,899,336,103,181,323.5,344.25,38,39.75,41,44.5,863.75,54,37.5,34,58.25,761.5,88.5,38,39,68,303,39,47,490,277,110.25,254.5,167.75,129.5,83.75,162,145.5,264
54,1139.5,486.5,927.75,791,1676,116,68,62.5,111,268,84.5,95,408,51,8647,101,65,86.5,132,83.5,62.5,547,299,419.5,1250,610.75,49,35,38,43,39.5,75,42,47,61.5,45.5,3077,303.5,502.75,907.75,717.25,62.5,1263.5,215,114,424.5,341,136.25,51,84.75,43,140.5,1544.75,33.5,44.5,40.5,45,913.5,34,37.5,38.5,50.5,831,38,77.5,350.25,49.5,73.5,95,82,53,62.5,102,62.75,230.5
55,4403,894.5,1252.5,644.5,2815.5,1996,340,166.5,126.5,241,55,158,643,52,10676,109,58,66.5,102,71.75,53.5,2860,1268.25,1101.5,2739,738.25,244.5,68,57,64,61,249,89,86,91,71,7094.75,6271.5,1907.75,5955,2110.5,49,3982.5,616,174,323,364,2969.5,213,84.25,116.5,112,8457.5,697.25,72.25,76.5,140.5,5831.75,726.5,98.25,99,162.75,3482,209.5,121,545,361,180.75,340.25,184.75,165.75,161.5,321.5,124,514.25
56,5976.75,2566.75,10987.25,2761.25,5666.5,2092,298,767,684.5,535,73,228,2807,43,4551.5,573,283,125.5,276,898,481.5,1087,648.25,905.25,5684.5,528,76,46,50,64.5,56.5,57.5,41,45,55,43.5,4200.25,1485.25,1566.5,4278.75,577.5,62.5,2568,483,190,282,382.5,870.5,90.5,90.5,141,886.75,6235,325.75,102.5,91.5,241.75,1270.75,117.25,46.75,48,85.5,1715,59,76,412.5,102.75,88,198,81.5,67.5,109.75,337.25,86.25,348.5
57,3972,2283,4218,1916,5626,378.5,330.5,367,447,300.5,58,194.5,1317,42,559.5,70,45,52.5,37,687.5,426,900.5,1495,979,7822.5,518.5,174,84,94,100.5,64.5,183,101,163,200,61,8373,2317.5,1755.75,4440.75,1073.25,67,1412,171,94.5,302,306.5,132.75,40,61.5,67,133.25,3146,41.5,100.5,201.5,48.5,1330.25,40,60,92.25,48.75,1041,37.5,62,452,112.5,89.5,155,96.5,94,111.5,309.75,193,468.5
58,8534,1026.5,1443.25,1785,2528,10806,561,645,582,117,42.5,64.5,296,39,5205,349,155.5,207,326.5,824,448.5,1412.25,602,696,3116.25,635.5,56.5,41,40,51,46,110,46,51,56,46,1000.5,1175,293,1194.5,742.5,78.75,1611,1400,212,885,1363,829.25,350.75,56.25,71.75,56,3022,2182.75,76,69.5,90,862.25,858,52.75,56.5,66,280.5,106,50,303.75,184.5,60,142,125,166.75,51.5,78.5,87.75,146.5